Money,Count
67988077450,186
62251946993,380
60582426477,409
52117636071,355
50418451892,355
45070079919,266
23795322645,26
23721428599,200
17598010760,83
17562065918,104
16802894655,156
16781355636,49
16147895757,58
15477011897,38
14800425485,109
14695712610,48
14386092278,21
13364718720,117
13318347763,142
12714586014,25
10171424654,72
9665995043,15
9449985465,27
8561028843,15
8121289248,30
7709020571,63
7619396041,62
7420418761,33
7305150213,62
7025943279,39
6930924763,13
6823235044,11
6754939278,9
6693236668,10
6138820867,101
6047199161,19
5976905257,16
5810022618,15
5749115850,13
5576582329,61
5501860330,42
5407808486,82
5374295276,13
5304202301,13
5056407826,39
5050344682,47
4980828960,25
4944142967,18
4807037311,15
4745243236,9
4730723947,26
4527772471,16
4468549661,14
4422406899,24
4383890882,17
4338128462,19
4277232255,20
4178981577,28
4106745075,41
4094073243,16
3912618056,7
3875151588,11
3777910710,17
3775191007,6
3723134234,22
3688401735,36
3688006824,42
3663759052,62
3645805646,54
3623300802,56
3547485725,37
3465513834,6
3459565166,21
3403643342,26
3388817694,4
3292998907,25
3256780590,8
3210085900,8
3131288428,58
3078386440,8
3075785337,54
3069958466,35
3026477642,9
3010400666,14
3007115168,6
2975355144,44
2919753889,15
2876753354,28
2831444156,13
2819233378,47
2788651694,24
2718035393,33
2712071861,44
2677882416,3
2671224860,20
2578619628,34
2554849240,23
2548107072,8
2428432522,8
2424896129,16
2419912120,7
2419701651,7
2412988152,22
2367435116,29
2181909149,13
2181610885,6
2173078108,9
2153146645,12
2123834603,4
2103048913,5
2089628042,10
2069521700,1
2048359754,1
2048359754,1
2028646913,20
2027176239,2
2013851330,22
1921527481,3
1910679854,23
1907941588,5
1883899251,5
1863985603,3
1863508515,10
1862347899,14
1859942856,14
1857400627,18
1808003062,21
1763936270,14
1762602652,2
1738266738,15
1718515861,9
1717316174,10
1708420345,14
1698240701,3
1680244582,13
1673829135,12
1663077381,8
1662899439,1
1657541641,8
1656929351,21
1649005834,25
1643982092,21
1640806073,3
1598440373,7
1596231102,24
1582640536,40
1565067474,2
1560965054,18
1555436989,21
1546013473,2
1541950137,14
1524586943,4
1486893929,48
1486370778,2
1484725656,16
1481362484,10
1457524698,10
1417235255,9
1417206789,32
1414936092,4
1408121060,9
1393398365,6
1385986622,4
1376049715,9
1356458891,4
1348529210,2
1347350473,20
1343239162,13
1338229594,2
1334539478,12
1317671416,27
1303589576,5
1301403062,12
1298319683,8
1296005577,9
1295186300,6
1291346690,7
1284033190,5
1278976411,3
1259261350,13
1258277915,9
1256991113,9
1250770418,4
1245937761,2
1230811320,10
1229274425,24
1223329957,12
1220509714,26
1218930737,12
1215716831,18
1206095835,11
1201521324,20
1195546133,15
1195322940,5
1190353364,9
1172830252,8
1170505442,26
1165022097,2
1153337496,1
1149848943,4
1137196473,7
1120752431,10
1114035699,10
1101601989,6
1087340715,18
1085994325,18
1083046462,12
1077072874,6
1050693953,1
1045924977,7
1042032089,16
1035476358,6
1034653157,20
1033829745,8
1030878407,4
1028835211,9
1028561161,7
1024931781,4
1019906124,10
1015128751,6
1002423428,10
1000945044,7
999471910,9
991981708,10
982989528,7
982313852,4
981443624,15
967359603,6
965865846,8
963970944,6
961260873,10
959484347,3
956642983,7
954603343,8
952941739,5
952395352,5
942172396,1
930749842,14
925890393,13
918627363,8
916477919,8
904105877,19
900811709,3
896678241,1
892649957,3
890508419,6
883489262,7
882889597,16
882511956,8
880850529,17
880681519,1
871376685,10
868890522,9
868390560,1
866254312,6
861993169,15
858357335,10
853983911,1
842274215,18
840375504,3
828930021,16
827862203,3
825549660,3
825254208,2
822897589,7
821855959,6
820407794,8
819040816,3
817441432,12
809726232,18
807042972,2
806754567,2
804103926,3
801634067,8
792067351,5
791217826,1
777669257,10
777296714,7
776400695,16
773350147,1
767682894,2
765545508,7
761904799,6
759056935,1
755356711,1
748768418,5
743322431,8
742224012,2
741813479,3
733121305,9
730634236,4
726229501,1
726229501,1
726229501,1
715665189,9
712472385,14
712205856,1
711306996,7
710644566,1
705070728,10
703607468,2
702548196,10
698965608,7
693760037,7
693422017,9
687775244,3
684800417,11
684060536,5
681593168,5
681016040,3
678997065,3
677664869,13
665462053,11
664726581,4
663489639,4
660015419,3
657073841,8
653779970,1
652564772,4
650932764,2
648535498,3
647413115,2
647091054,2
643572704,4
642553831,15
640389660,4
637919737,13
632773385,19
632147483,9
631746197,1
631473289,4
630198263,15
629443428,1
627338447,3
626756675,7
625893988,14
623723313,9
622674139,1
622020916,3
616502912,1
615693615,7
615510700,10
611257819,1
611010551,12
610755916,6
595893589,3
594145644,3
591172780,6
589735564,3
588611638,11
587649999,5
584892012,6
581135895,9
580239789,2
578956611,16
577311675,13
572606370,5
567809716,2
564325312,21
562697329,12
562448514,2
560897990,6
557361843,3
556906378,1
556833927,9
553810228,1
553810228,1
549688823,2
546388108,1
544643526,10
544277829,3
542358331,1
541739324,6
540902206,4
540421696,8
539945549,12
537068842,4
536414293,1
536172224,3
532854091,2
532846720,3
532373347,5
531225058,7
531069418,3
530438278,1
530438278,1
528583774,1
528126459,9
527784962,7
527016307,1
526994608,7
524313792,6
523387067,3
521170825,1
519333833,8
514160827,4
513377515,3
512599116,1
511169228,3
509602171,3
504896985,9
503327045,7
501664509,2
500553031,6
500190605,9
500125976,2
498666520,2
497409852,1
497409852,1
494144814,5
486462787,6
482822839,5
482766685,5
479371089,5
478704723,4
478187977,3
477115778,6
473974801,10
473093228,1
471372484,2
470092173,2
468587932,3
467074790,10
466253159,2
465638300,2
464432297,11
464137716,17
462851684,3
461394416,8
457503150,11
455393700,2
455084285,8
455027864,11
451107565,4
449801982,3
446244156,4
445097021,11
444100035,1
443929148,11
443280904,1
442826716,8
442694543,5
442299309,1
441857596,4
439729121,3
438636442,2
438537116,8
436988889,4
436188866,1
433747270,9
433514834,1
429196324,8
428028233,1
427948917,4
427374317,1
426588510,1
425613336,2
425193352,6
425148486,3
424817714,2
423020485,4
422904059,9
419665568,1
419217465,12
418765519,1
418462478,10
418090967,3
417160886,4
414752537,3
414677957,3
412049176,3
411221092,11
409519504,3
409231607,1
409058533,4
408637309,2
408637309,2
408154004,5
407979917,3
407681535,3
407312962,3
404417876,5
402614321,7
402494505,2
402352579,1
400762213,14
400063852,1
398479497,1
396271103,1
395427753,3
394980428,2
392499439,2
392335906,7
392315308,2
392092162,3
391572242,10
390100076,4
386522052,8
385990325,5
384824645,4
383569314,2
383263829,4
379700917,2
378925813,2
376286991,4
375629973,3
374314971,4
372421519,10
371353001,1
370443742,5
369780931,2
368744044,1
367034140,6
366358420,2
365576305,4
364520324,2
364442908,2
363943196,3
363889678,1
362047736,5
360757666,7
360131039,4
359500709,2
359126022,1
354966374,4
353642274,1
353284621,1
352333929,1
352114312,1
351723989,1
351436827,5
351431198,9
349822765,1
347325802,1
346311705,6
345573032,1
345344792,3
345167458,4
344054782,2
344054782,2
343748004,7
340952971,1
340487836,1
340399798,2
338552601,3
337520319,8
336722541,3
335824787,3
335704284,11
335024896,2
334933831,1
334517335,15
330444045,1
330153119,10
329475861,4
329347253,9
329089933,2
328920246,8
327901044,2
327333559,1
324992245,7
321752656,1
321611686,4
320689294,1
320290989,1
319843934,13
319715683,1
319645551,6
319028002,7
318408181,2
316010696,4
314340843,4
314020285,32
312016928,1
311919590,2
311628381,12
311605581,1
311271419,7
309941559,6
309492681,1
309208309,1
308393209,5
307248349,2
306889114,1
304654182,1
303306016,2
301970083,1
301425740,2
300157481,6
300135367,1
300069634,2
299545311,7
299448413,3
299288605,1
297801024,5
297718711,1
297662807,3
296938801,1
296578797,1
296382178,15
296376193,2
295103837,5
295002835,2
293698245,2
293514336,1
292817898,1
291554738,8
290835269,1
288694766,4
288627555,4
288563250,2
288390540,4
287928194,1
286168572,1
285553018,2
284152708,3
282370984,2
281386243,4
280279366,3
280223840,2
279006074,5
277224177,3
276956323,3
275836815,2
275698039,1
275698039,1
274650803,1
274409148,2
274402856,3
272742922,1
272600063,3
272046651,2
271672712,2
270557830,2
270242198,5
269994119,1
269097158,6
268426634,1
267040364,5
265687964,9
263623483,6
263174386,8
263004019,8
262325693,3
262154152,4
261989769,1
261183588,1
261183588,1
261132684,3
260332876,4
259334548,1
258692264,4
258610650,2
258539804,2
258097122,1
257938649,1
257885843,5
256814206,2
256592125,3
255964534,2
255797758,2
255614941,1
255255957,3
255000211,1
254053589,2
253678658,2
252909177,1
252712101,1
251212670,1
251035366,2
250904420,7
249747070,2
249741860,9
249280963,5
248656014,2
248543335,3
248344430,2
248132778,8
247676779,7
247585244,1
247112084,6
246620632,2
246490280,2
246120986,1
245507817,2
245184716,2
244713272,10
243704424,3
243211727,2
243189046,5
242033028,2
241813060,7
241410788,5
241402681,3
240897068,4
240797623,1
240697856,1
240159255,1
240159255,1
240074244,3
238659789,3
238659789,3
238539198,1
238015000,4
237860050,1
237610053,2
236728635,2
236214446,1
236214446,1
235860116,1
235719605,3
234801895,1
233555708,1
233160577,3
233121187,4
232704750,3
232471439,4
232247075,2
232225908,1
231976425,1
231819915,3
231800711,2
230828566,3
230702718,6
230640086,3
230418342,1
229857664,2
228140400,4
227817248,1
227192908,2
227024249,5
226191008,8
225973340,1
225933435,1
225630935,8
225604262,3
225508210,1
225336536,3
225218632,4
223853736,1
222724172,1
222667878,2
222446882,1
222387767,2
222104681,1
222104681,1
222104681,1
222029788,3
221894639,2
221891942,3
220176036,2
220132199,3
220021259,1
219289807,2
219167414,5
218715783,4
218438616,3
218340595,1
218122627,1
217409246,4
215919093,14
215862692,1
215843760,3
215663859,1
215515705,10
215447774,2
214921721,2
213525736,1
213216216,1
212902372,1
212404396,1
211989043,1
211787511,1
211387446,6
210985795,12
210858814,2
210636272,3
210491503,2
210170628,2
209947037,1
209426404,4
209035668,1
208471251,5
208450165,4
208314186,1
208098090,2
207964459,4
207515725,1
207515725,1
207305509,1
205642511,5
205246868,5
205066570,2
204925420,4
204754408,9
204681899,1
204292497,2
203783845,1
203665511,3
203567857,1
203533763,2
203427584,1
202733421,7
202292902,1
202155190,3
201965915,1
201858461,1
201329707,2
200792257,10
199993455,5
199834213,7
199348072,7
198810522,6
198685114,1
198653677,4
198467168,1
198087212,1
198087212,1
197955438,2
197744377,1
197683667,4
197642159,2
197468683,3
196663181,2
196605575,4
195794428,2
194982384,2
194093007,2
193998974,3
193948709,4
193932489,1
193932489,1
193772504,1
193738326,4
193076528,5
192065513,3
191749942,3
190096683,3
190079418,2
189868165,4
189405667,2
188391383,3
187743408,2
187441800,4
187281115,1
186283661,7
185991646,1
185400345,1
184738261,3
184305578,6
184082328,2
183611771,1
183611771,1
183018522,1
182395947,5
182291969,1
182290266,1
182033562,2
181306370,2
180630907,1
180622424,1
180525691,5
180371418,11
180289970,1
180289970,1
180281308,3
179963907,5
179937682,6
179705733,3
179604126,2
179265204,1
179265204,1
179195048,4
179179718,1
178918561,3
178866158,1
178590676,11
178587014,4
178562466,4
178311729,1
177856751,1
177502387,1
177502387,1
177492488,2
177395557,1
177313795,1
177238796,1
177190198,2
176773567,2
176600207,1
176558982,2
175841266,3
174804407,1
174719070,5
174028204,1
174028204,1
174028204,1
173965010,1
173884652,3
173865236,2
173572781,2
173493400,5
173031616,2
173029998,2
172394180,1
172178540,2
171567425,2
171567425,2
171264601,5
171120329,1
170268750,1
169876283,2
169475076,2
169257428,3
168839459,1
168319243,1
167773912,3
167661180,5
167468287,3
165909160,2
165615285,1
165335153,1
165184237,1
164890581,2
164648142,1
164433867,1
164393223,5
163794509,1
163644662,1
163644662,1
163555583,3
162242684,1
161563607,5
161563226,6
160846332,1
160638883,1
160188546,1
160112671,1
159527055,3
159428329,1
159197038,1
159073682,2
158762963,1
158291380,2
158225671,2
158046261,5
157563598,1
157029618,1
157029618,1
156852924,9
156673899,2
156480177,1
156447539,2
155914283,6
155914283,6
155712077,1
155545279,1
154802912,1
154802912,1
154649125,1
153791945,2
153569872,3
152699976,1
152388279,2
152198330,6
152112199,6
151783839,1
151572634,1
151564894,2
151473530,3
150680864,1
150680864,1
150664519,2
150503164,3
150463935,4
150330810,3
150270147,1
150264386,15
150185762,9
150027854,2
149878437,1
149705852,1
149542245,1
149411550,1
148868835,1
147880543,1
147748505,1
147080413,1
146428180,1
146428180,1
145896422,1
145639354,9
145418070,1
145418070,1
145306033,4
145051197,1
144579748,2
143808225,2
143800106,2
143592188,5
142682498,3
142416834,3
142400065,1
142313246,3
142146179,6
141363025,3
141069860,1
140747883,6
140705322,1
140497728,4
140136092,3
139998200,2
138743572,3
138545632,1
138303320,2
138224951,1
138208254,3
137587063,1
137515140,1
137298489,1
136885767,1
136853506,1
136771683,1
136771683,1
136762742,2
136581545,6
136214810,2
136159423,1
136027804,3
135710029,1
135685485,3
135437655,6
135039924,1
134866593,1
134639374,3
134460072,4
134428345,2
134212055,1
134116168,3
134025633,2
133949270,1
133432856,1
133432856,1
133031473,1
133031473,1
132675864,1
132675864,1
132591629,3
132498274,2
132425199,10
132239078,2
131977904,1
131711781,4
131615907,2
131607314,3
131457682,1
131457682,1
131426169,1
131343078,6
131211377,1
131057073,2
130834224,5
130773333,2
130717611,2
130703621,4
130628903,1
130628903,1
130516424,1
130516424,1
130444115,2
130297174,13
130224158,1
130154568,1
130043913,13
129719781,2
129540522,1
129342769,1
129216773,2
129190869,1
128778482,5
128388320,1
128120184,5
127944208,1
127944208,1
127932899,2
127869379,1
127741331,6
127666415,1
127600435,1
127461872,1
127392693,1
127278735,4
126936004,4
126853142,2
126844581,2
126546518,1
126546518,1
126216940,1
126106639,2
126054960,2
126040522,10
125856180,1
125586134,1
125544024,1
125427681,1
125427681,1
125289068,5
125212904,1
125188017,2
124745083,1
124596837,1
124429772,7
124160678,2
124099833,3
123850428,5
123726688,1
123218258,3
122964993,4
122823468,1
122444772,1
122155604,3
122126687,1
121841760,4
121469892,3
121214377,1
120930422,2
120673227,1
120612355,7
120556201,1
120081841,1
120072577,1
119974972,1
119965150,3
119942387,1
119682635,1
119559110,1
119471337,3
119274562,2
119100758,1
119100758,1
119070211,2
119030648,2
118890272,1
118851632,4
118732233,2
118521418,3
117867984,1
117758500,1
117679066,1
117679066,1
117507309,5
117487473,1
117486106,3
117094902,1
116980662,1
116890611,3
116650613,1
116471580,1
116302130,3
116147362,3
116112375,1
116112375,1
115757940,1
115757940,1
115755151,3
115593364,8
115591007,2
115505027,1
115505027,1
115437022,3
115374915,1
115133600,2
115035090,1
114977496,2
114178613,1
113804859,1
113493481,1
113100873,1
113007318,2
112742472,3
112670997,3
112544662,2
112483764,1
112483764,1
111922142,1
111922142,1
111105497,1
110916645,9
110667393,2
110475350,3
110317580,1
110317580,1
110216998,1
110152957,4
110016984,2
110013167,1
109781024,2
109781024,2
109733402,2
109706931,1
109706931,1
109676311,1
109423648,1
109423648,1
109306404,4
108605609,1
108605609,1
108518797,2
107823227,3
107752036,1
107688689,2
107625443,2
107045109,1
106978026,2
106550690,1
106453972,3
106387141,1
106371651,1
106262619,6
105921627,2
105781262,2
105647102,1
105372850,3
105286729,2
105178561,1
105015008,1
104882445,1
104731510,3
104545505,1
104438188,1
104438188,1
104391623,1
104155843,1
104003322,1
103973029,3
103911669,1
103891409,1
103881742,2
103855475,3
103726826,3
103215094,1
103039258,1
102992536,1
102984862,1
102952888,1
102952888,1
102569629,2
102435086,3
102366815,1
102338515,1
102338515,1
102310697,1
102310697,1
102310697,1
102278712,1
102244770,1
101858483,12
101737925,2
101564935,1
101276318,1
101251726,2
100729273,2
100605135,1
100502638,1
100502638,1
100502638,1
100489151,1
100488498,2
99783556,1
99431786,1
99431786,1
99378985,1
99036827,1
98970084,3
98705294,2
98690254,1
98670552,2
98450062,1
98410061,1
98337295,1
98126565,1
98078751,2
97837138,1
97737170,4
97677765,2
97594140,1
97571250,1
97571250,1
97478584,4
97352214,3
97341992,3
97076152,1
96890417,6
96818486,3
96764849,2
96593018,1
96455697,1
96317281,2
96168779,11
96086727,3
95941605,2
95802916,1
95714875,1
95708457,1
95498386,4
95437994,1
95166712,3
95146283,1
94728529,1
94160754,3
93974620,1
93473174,9
93400759,1
93320380,1
93266437,3
92991835,1
92913171,1
92884429,1
92815799,2
92692225,3
92455742,1
92374674,1
92365253,7
92243971,2
92181574,1
92181280,2
92028471,2
92021356,4
91980359,1
91970827,1
91542097,1
91527795,1
91527795,1
91370414,4
91258000,1
91196419,1
91056268,4
90962255,5
90622714,3
90449929,1
90442728,4
90432332,2
90383208,1
90270536,2
90141126,4
89909588,3
89786817,6
89675481,4
89610675,4
89137047,1
89055274,7
88385944,1
88385944,1
88332332,2
88215156,1
87987055,1
87987055,1
87892388,1
87892388,1
87840042,1
87840042,1
87754044,1
87750752,6
87611203,3
87460481,7
87305549,1
87189756,1
87100449,1
87066930,1
87066930,1
87066930,1
87009011,5
86998256,3
86758912,1
86758912,1
86758912,1
86726860,2
86572238,1
86468162,1
86404271,2
86369815,1
86234523,1
86234523,1
86086881,1
86086881,1
85938115,5
85892154,2
85734557,2
85720385,1
85677313,3
85638656,1
85628289,3
85603363,1
85564310,1
85446075,1
85397971,6
85159081,2
85131830,1
85131830,1
85067474,3
84954351,3
84920539,1
84694222,2
84565230,1
84563118,1
84536174,2
84419388,1
84419388,1
84362826,3
83850267,1
83811709,2
83702390,4
83691155,3
83687984,2
83282296,1
83188963,2
83188165,1
83188165,1
83166598,4
83137603,1
83137603,1
83080890,1
83080890,1
82966152,1
82855706,4
82604699,1
82564340,3
82499399,1
82347656,1
82347656,1
82346365,2
82312605,2
82301920,2
82261649,2
82202501,2
82169884,1
81624975,7
81600000,1
81600000,1
81404282,3
81125199,2
80948102,5
80693537,1
80334030,4
80239658,1
80239658,1
80205382,1
79829963,2
79666653,1
79628830,1
79567667,1
79297618,2
78743566,2
78656813,1
78638987,1
78607655,2
78568977,1
78568977,1
78433182,3
78371200,1
78352545,2
78345418,2
78176181,1
78142709,8
78110021,1
78110021,1
78094714,1
77628265,1
77578320,1
77516304,1
77356942,1
76986687,6
76961310,2
76712408,2
76709569,3
76669554,1
76669554,1
76594107,1
76594107,1
76548660,2
76490720,1
76432727,1
76419755,1
76287982,1
76287982,1
76287982,1
76196538,1
75981180,1
75616695,4
75536380,2
75509628,3
75395048,1
75211198,2
75108817,1
75108817,1
74939189,1
74939189,1
74399634,2
74204813,2
74169109,2
74148824,4
73933934,1
73923561,2
73794711,2
73498611,1
73390988,2
73161396,2
73100172,1
72991583,4
72915757,2
72835710,1
72617068,1
72617068,1
72430674,2
72234010,2
72216294,1
72178895,1
72109200,1
72109200,1
71928095,3
71799109,2
71732303,1
71644468,2
71518503,1
71186502,1
70992898,1
70829270,1
70829270,1
70725985,2
70642966,1
70595464,1
70576835,2
70263155,1
70263155,1
70055998,1
69934414,2
69865924,1
69701637,1
69685766,2
69626356,2
69518232,1
69518232,1
69474661,1
69474661,1
69432527,1
69424389,1
69302408,3
68777554,1
68743485,1
68743485,1
68743485,1
68717524,5
68706993,1
68572631,1
68567841,1
68567841,1
68411275,1
68409575,5
68357079,1
68316452,1
68316452,1
68294094,2
68282844,1
68264022,1
68234154,1
67937494,1
67876281,1
67792026,4
67650214,2
67647013,1
67573442,8
67555079,2
67448651,1
67386910,2
67322913,4
67308282,1
67192859,1
67091915,1
67020910,3
66984887,1
66980456,1
66980456,1
66980456,1
66976317,1
66859336,2
66691480,2
66673516,1
66558465,1
66546130,2
66500090,1
66360768,2
66316289,1
66308758,1
66166000,1
65940197,2
65770596,3
65762037,2
65652615,3
65500000,1
65100369,1
65100369,1
65018140,2
64942830,3
64445708,1
64445708,1
64437847,1
64389666,2
64350171,1
64191523,1
64153994,3
64088552,1
64044090,7
64010324,2
63782078,1
63782078,1
63519749,3
63365859,1
63316330,5
63118386,1
63044898,2
62944815,1
62803180,1
62771059,1
62747206,2
62695489,1
62681878,5
62664517,2
62574040,3
62569628,2
62524246,4
62497709,2
62493712,1
62464731,1
62464731,1
62410375,3
62387580,3
62374416,3
62357312,8
62274780,1
62228395,1
62198461,1
62174008,1
62135554,3
62129432,3
62022014,1
61976260,2
61950770,1
61808775,1
61808775,1
61675667,2
61619773,1
61548707,1
61490528,2
61489265,1
61385065,1
61279452,1
61141030,1
60967643,2
60967643,2
60922980,1
60800444,1
60749324,2
60636400,4
60427839,1
60427839,1
60413715,2
60330833,1
60329001,1
60321861,1
60289912,1
60134840,2
60112959,3
60088980,1
60063298,2
60052138,1
60001415,3
59950623,1
59945183,1
59584839,2
59520298,1
59520298,1
59424144,2
59418613,1
59391176,5
59389433,1
59371303,1
59299114,4
59136832,2
59069039,2
58980521,1
58951090,4
58899380,3
58878723,1
58620973,1
58480828,1
58409247,1
58072119,1
57968936,1
57968936,1
57947036,1
57947036,1
57935006,2
57920620,5
57915972,1
57915972,1
57915972,1
57777778,1
57777778,1
57678321,1
57543346,2
57504246,8
57479076,1
57400547,1
57149976,2
57084522,1
56996304,1
56824812,3
56722693,1
56714147,1
56675895,1
56601353,2
56493421,4
56458608,3
56411585,1
56399659,1
56366958,2
56359980,1
56012642,1
56012642,1
55909094,2
55859420,3
55736588,1
55736588,1
55689061,2
55668698,1
55534455,1
55495563,1
55432841,1
55432841,1
55405035,1
55405035,1
55382927,1
55362705,1
55362705,1
55276747,2
55276747,2
55250496,1
55183830,4
55100045,2
55078146,1
55071336,3
54837234,1
54837234,1
54819301,1
54744738,1
54735646,2
54707693,4
54700346,3
54683487,1
54536328,2
54500988,2
54476502,2
54384709,6
54294169,1
54128300,3
53939297,1
53939297,1
53898845,1
53893061,2
53873809,1
53864779,4
53778422,2
53672080,1
53653224,1
53478579,1
53297155,2
53267000,1
53267000,1
53260230,1
53208180,1
53161520,3
52933513,1
52615074,2
52572116,5
52487045,1
52287414,1
52099090,1
52090236,1
52090187,1
52001576,4
51856540,3
51788958,1
51764406,1
51700666,1
51700666,1
51700106,2
51699984,1
51640665,3
51562705,2
51457717,3
51417188,1
51411620,1
51142659,1
51142659,1
51047326,3
51029361,1
50871113,1
50812934,1
50750000,1
50693129,1
50693129,1
50688658,1
50652203,1
50652203,1
50652203,1
50576805,1
50525772,2
50507267,1
50507267,1
50365498,1
50336279,1
50336279,1
50313686,2
49954711,3
49843011,1
49830753,2
49778552,1
49766188,4
49719207,2
49686545,2
49529095,4
49453357,2
49407734,1
49407734,1
49334775,1
49334775,1
49327405,1
49259766,1
49255185,2
49191162,6
49183945,2
49023074,3
48795299,2
48651197,4
48632196,3
48623572,1
48551322,1
48453605,1
48443734,1
48428048,1
48350946,4
48260279,1
48224863,2
48216918,2
48169910,1
48169156,1
48168983,2
48147945,1
48147945,1
48147945,1
48004835,2
47967636,1
47885566,2
47719794,1
47624353,1
47489620,3
47488536,1
47488536,1
47410827,1
47405566,1
47405566,1
47398992,1
47340586,1
47329961,1
47322883,2
47309313,1
47267829,1
47267829,1
47267829,1
47160000,1
47160000,1
47120948,1
47120948,1
47096206,1
47053625,1
47052899,1
47050122,2
46998772,1
46956684,2
46922566,1
46803337,2
46733235,1
46664414,1
46664414,1
46651414,1
46651414,1
46563961,1
46562928,2
46490972,2
46447014,2
46357676,1
46303618,2
46086573,2
45954755,2
45858563,1
45858563,1
45847751,1
45847751,1
45824265,2
45817876,3
45768067,2
45681173,1
45658744,4
45640143,1
45636368,1
45509788,3
45491656,1
45457532,1
45445187,4
45442922,3
45313937,3
45290470,2
45138628,3
45069950,3
44999621,1
44999621,1
44907260,1
44907074,1
44893847,4
44886232,2
44862187,1
44693499,2
44642726,2
44420167,1
44420167,1
44350926,1
44350926,1
44310395,1
44282972,2
44143410,1
44116922,4
44102389,1
44019588,1
44019588,1
43980821,1
43980821,1
43899754,2
43803417,1
43787457,4
43781284,2
43773546,2
43758422,6
43709744,1
43655418,1
43639020,2
43616799,2
43474578,1
43451846,1
43438448,2
43406757,5
43229904,1
43202283,1
43155261,1
43082702,8
43053376,1
43008075,1
43005677,2
42886719,1
42860176,2
42784344,1
42724017,1
42653739,1
42580321,1
42497956,2
42273609,1
42187665,1
42141948,2
42128352,1
42128352,1
42114010,3
42000000,1
41888660,1
41833347,1
41833347,1
41833347,1
41685880,2
41682798,2
41681715,2
41676878,1
41630431,1
41627431,1
41627431,1
41624687,1
41616262,1
41604473,1
41590886,1
41565301,2
41363927,1
41319906,1
41292551,1
41092328,1
41092328,1
41067311,1
41062976,1
41037742,1
41037742,1
40954603,1
40877556,1
40799155,2
40790079,2
40656399,1
40624186,7
40443010,1
40423945,1
40414628,3
40382659,1
40358786,2
40221736,3
40218899,1
40140972,1
40061153,1
40047078,1
39997887,2
39984400,1
39886986,1
39886986,1
39661919,1
39636922,3
39533204,3
39457342,1
39457342,1
39450960,1
39439355,1
39439355,1
39438674,1
39438674,1
39386689,2
39363635,1
39337581,1
39323027,1
39323027,1
39299461,2
39278453,2
39254604,2
39220946,1
39192193,2
39164441,1
39156854,1
39088006,2
39077898,3
38869022,2
38785017,2
38684764,4
38619405,1
38575489,2
38464131,1
38390020,1
38376497,1
38364277,1
38348988,1
38275483,1
38275483,1
38275483,1
38269529,1
38182790,1
38176317,1
38158601,1
38100000,2
38085778,1
38068353,1
37989684,1
37929500,4
37666766,1
37579287,5
37548531,2
37472736,1
37357216,1
37270721,1
37096581,2
36911617,1
36906818,2
36855286,3
36821203,1
36733909,1
36690067,1
36690067,1
36606743,1
36567572,3
36450736,1
36416131,3
36357486,5
36291949,4
36247172,3
36101389,2
36075317,1
36075317,1
36050123,2
36044369,2
35999081,1
35620691,3
35599803,1
35547761,1
35547186,3
35517495,2
35517495,2
35485056,1
35454203,2
35310019,1
35294470,1
35281794,1
35259653,1
35238591,3
35220822,2
35220795,2
35079650,1
35079650,1
35079650,1
35060882,1
34994648,1
34973165,3
34883010,1
34823764,1
34816824,1
34814102,1
34814102,1
34793160,1
34758951,1
34758951,1
34737199,1
34725000,1
34725000,1
34718173,1
34622504,1
34585416,1
34416893,1
34376719,2
34319604,2
34272986,1
34268701,1
34268701,1
34268701,1
34266564,1
34170842,4
34031116,2
34020469,2
33978694,1
33956608,1
33837135,2
33833201,1
33766787,1
33761957,2
33750478,1
33641044,2
33618475,2
33478921,1
33478921,1
33478921,1
33448971,1
33448971,1
33410136,5
33380688,2
33256624,2
33251890,1
33251890,1
33140058,2
33102199,2
33082548,1
33030115,1
33000525,1
32915753,2
32905552,4
32893421,1
32798635,4
32710894,1
32710894,1
32686500,1
32653905,1
32611477,2
32593385,1
32517248,1
32450241,1
32392047,1
32390945,1
32318051,1
32248558,2
32170399,1
32100816,1
32054369,1
32054369,1
32041845,1
32029928,1
32029928,1
31899000,1
31899000,1
31882724,1
31838133,2
31801222,2
31771027,4
31676128,1
31670620,1
31626386,1
31621241,3
31596911,1
31596702,2
31575877,1
31559552,1
31559552,1
31511109,2
31480418,1
31429330,1
31375385,2
31355910,1
31283740,1
31200557,1
31175699,2
31158113,1
31158113,1
31070211,1
30995924,1
30995924,1
30962335,1
30962335,1
30902442,1
30902442,1
30894796,1
30894796,1
30893885,1
30893885,1
30857747,1
30806194,1
30781132,3
30769385,5
30734502,1
30734502,1
30722632,1
30722632,1
30683333,1
30683333,1
30680793,1
30680793,1
30659611,3
30642704,1
30601275,2
30562955,1
30536629,3
30526509,1
30524763,1
30524763,1
30519436,1
30503151,1
30471420,1
30471420,1
30471420,1
30470743,2
30381722,1
30271556,1
30176137,4
30150206,3
30125661,4
30095320,4
30048236,3
30031783,1
30031783,1
29985033,1
29906955,2
29888235,1
29829963,1
29712172,1
29655585,2
29650183,2
29632684,1
29632684,1
29632684,1
29612137,1
29612137,1
29612137,1
29604985,3
29525882,2
29441835,3
29414553,1
29355380,2
29342592,1
29300090,1
29295757,2
29266490,1
29243085,2
29225935,1
29156801,3
29146131,1
29146131,1
29091775,2
29091775,2
29012935,1
29000301,1
28914465,2
28741330,1
28741330,1
28741330,1
28735315,1
28650575,1
28641776,1
28610823,2
28576590,3
28570902,1
28492528,2
28475044,2
28451622,1
28316451,1
28283637,1
28237488,1
28215918,1
28187501,3
28096550,2
28085355,2
28078073,1
28041861,1
28041861,1
28008462,1
27988307,3
27985788,1
27985788,1
27972023,1
27967495,2
27949052,2
27876417,1
27876417,1
27869129,1
27810661,2
27766053,2
27682872,1
27642707,1
27610873,1
27610873,1
27593730,2
27570076,1
27515786,1
27441977,1
27411944,3
27405896,1
27388767,1
27383042,3
27206120,1
27127620,1
27092880,1
27066382,1
27058304,1
26996738,1
26996738,1
26996738,1
26924789,1
26910847,1
26870191,2
26768563,1
26712451,7
26527510,1
26527510,1
26474920,1
26412163,1
26412163,1
26412163,1
26334350,2
26306533,1
26236153,1
26236153,1
26170671,1
26152835,1
26117471,1
26080861,1
26049153,2
26013153,1
26013153,1
26000657,2
25975621,1
25965089,2
25928721,1
25918637,3
25915966,1
25892561,1
25892561,1
25852764,1
25842377,1
25816139,1
25804707,1
25795897,1
25740863,1
25621297,1
25471635,2
25433698,2
25422088,1
25419147,1
25419147,1
25411386,1
25358716,1
25358716,1
25342451,2
25253751,1
25216822,2
25147055,1
25070261,1
25070261,1
25070261,1
25042077,3
25038466,1
25003426,1
25003426,1
25000167,1
24972139,1
24946533,1
24922237,1
24884431,3
24829644,1
24792815,1
24637800,1
24566113,2
24475261,2
24441725,1
24420923,1
24367055,2
24322180,1
24271196,1
24271196,1
24265659,1
24262657,2
24174885,1
24174885,1
24172201,1
24152155,1
24132703,2
24001508,2
23936908,1
23925492,1
23834809,1
23834809,1
23833131,1
23726793,1
23717291,1
23717291,1
23646952,1
23612864,2
23563727,1
23562716,1
23512329,2
23485827,3
23468586,1
23459358,1
23459358,1
23450917,4
23396049,1
23396049,1
23355100,1
23341568,1
23328518,1
23157646,1
23157646,1
23157646,1
23144499,1
23106667,1
23049593,1
22942221,1
22934622,1
22934622,1
22922319,2
22871096,1
22842887,1
22842887,1
22783978,1
22765081,1
22741061,1
22678555,1
22660758,1
22638611,2
22593409,1
22593409,1
22549338,1
22546233,1
22546233,1
22505475,3
22481980,2
22428990,1
22428990,1
22391450,1
22362843,2
22355806,2
22335744,2
22265763,1
22240529,1
22231658,1
22231658,1
22189039,1
22165608,1
22156776,2
22099847,1
22044277,1
22035509,1
22021262,1
22007671,1
22000000,1
21960824,2
21947454,1
21946839,2
21898920,1
21898920,1
21897115,2
21893591,1
21821347,1
21764679,2
21755757,2
21755757,2
21755418,1
21744201,1
21706101,1
21693901,2
21689062,1
21671241,1
21671241,1
21633874,1
21560182,1
21513434,1
21486757,1
21458111,1
21448782,1
21437192,1
21401949,1
21383928,2
21360215,1
21354152,1
21336430,2
21299033,2
21289826,1
21288039,2
21170563,1
21170563,1
21156270,1
21156152,1
21142815,1
21142815,1
21142815,1
21141853,2
21134374,1
21127789,1
21107746,1
21107746,1
21042667,1
21028755,1
21028755,1
21028755,1
21026290,1
21026290,1
21026290,1
21017849,1
21011110,1
21011110,1
21011110,1
20994648,1
20962615,1
20962615,1
20962615,1
20936722,1
20936722,1
20908467,1
20908467,1
20901859,1
20883046,1
20846593,3
20768906,1
20718608,1
20659423,1
20659423,1
20659423,1
20653717,1
20596567,1
20576198,1
20563273,1
20554320,1
20542063,4
20529194,1
20470979,2
20458340,1
20416512,1
20388920,1
20388920,1
20378470,1
20343051,1
20343051,1
20343051,1
20300385,1
20251411,1
20210094,4
20164181,2
20154899,1
20146150,1
20146150,1
20110793,2
20080020,1
20072603,2
19956756,2
19937988,1
19910002,1
19910002,1
19905359,1
19905359,1
19900366,1
19870567,1
19814523,1
19795478,3
19749186,2
19748009,1
19734940,1
19643086,1
19643086,1
19576023,1
19561904,1
19561904,1
19555768,2
19526014,1
19508727,2
19472057,1
19465835,1
19444631,1
19440089,1
19439764,1
19439764,1
19334145,1
19319254,1
19288130,1
19260537,1
19239359,2
19233280,1
19206513,1
19176163,1
19176163,1
19170001,1
19152009,1
19126398,1
19075720,1
19072431,3
19008745,1
18985812,2
18948425,1
18948425,1
18914307,1
18902015,1
18814713,1
18814713,1
18814713,1
18784957,1
18774295,2
18720175,1
18707966,1
18707966,1
18707966,1
18705853,1
18705853,1
18689058,1
18689058,1
18663238,1
18663238,1
18662037,2
18658381,1
18652524,2
18599102,1
18599102,1
18591272,1
18586834,1
18564613,1
18448351,2
18428904,1
18404706,1
18404706,1
18345846,2
18299138,1
18299138,1
18299138,1
18296945,2
18279884,2
18263470,1
18263470,1
18225518,1
18175663,1
18175663,1
18170707,1
18170707,1
18142645,2
18043029,2
18024545,1
18024545,1
18012097,1
17998703,1
17986781,1
17917287,1
17874044,1
17858059,1
17835162,1
17826849,2
17791763,2
17709155,1
17709155,1
17690533,1
17637950,1
17589705,1
17589705,1
17589705,1
17580413,2
17572289,1
17562071,1
17550399,1
17543742,2
17537186,1
17502499,1
17496992,1
17488564,1
17488564,1
17471727,1
17471727,1
17423030,1
17408683,2
17385830,1
17374595,1
17356268,1
17343596,1
17323326,1
17307019,1
17284375,2
17233166,1
17218080,1
17186348,1
17186348,1
17096599,2
17077882,1
17075256,2
17050017,1
17039814,1
17037725,2
16997803,2
16980525,2
16979882,1
16951702,1
16861137,1
16861137,1
16860964,1
16830081,2
16810562,1
16763804,1
16757163,1
16722143,1
16722143,1
16692490,2
16689283,1
16679426,2
16647800,1
16627188,1
16627188,1
16574176,1
16531441,2
16527747,1
16527747,1
16478265,1
16478265,1
16443609,1
16426471,1
16418218,1
16418218,1
16373843,1
16372221,2
16324573,1
16322067,1
16227519,2
16217411,1
16176732,1
16171098,1
16153953,1
16137046,1
16115878,1
16115878,1
16115878,1
16093651,1
16064331,2
16031707,1
16026841,2
15980032,1
15950164,1
15945534,1
15910104,1
15889009,3
15864783,2
15856028,1
15855828,1
15855141,2
15821907,1
15795189,1
15779455,1
15778152,1
15738769,1
15715435,2
15691640,1
15680099,1
15680099,1
15661554,1
15642346,1
15556340,1
15556340,1
15530585,2
15514367,1
15502112,1
15485598,1
15471969,1
15459143,2
15457779,2
15440333,1
15431177,1
15431177,1
15429177,1
15418749,1
15368897,1
15339030,1
15260154,1
15249308,1
15240435,1
15238689,1
15189934,1
15189934,1
15116634,1
15116179,1
15094530,1
15001776,1
14959572,3
14949697,1
14949697,1
14920297,3
14867514,1
14867086,1
14867086,1
14866015,1
14851083,1
14828081,1
14828081,1
14805510,2
14796236,1
14788642,1
14778151,3
14776760,1
14776760,1
14776760,1
14772788,1
14760451,1
14759274,2
14738299,2
14694904,1
14665733,1
14665733,1
14665733,1
14662035,1
14659448,1
14659448,1
14659448,1
14635506,3
14618727,1
14603177,1
14603177,1
14603177,1
14568989,1
14568989,1
14528953,2
14516248,1
14516248,1
14515490,1
14505558,2
14502483,1
14500000,1
14454622,1
14412323,2
14401617,1
14401563,1
14401563,1
14390329,1
14363400,1
14363400,1
14343976,1
14339171,1
14311701,1
14311701,1
14296438,1
14296438,1
14293258,3
14278900,1
14278900,1
14248749,1
14237880,1
14237880,1
14225876,1
14202899,1
14149925,2
14145677,1
14129645,2
14110589,1
14063331,1
14063331,1
14056528,1
14056528,1
14056528,1
14017046,2
14011454,1
14010832,1
14000000,1
13939963,1
13928793,2
13915874,1
13904766,1
13893621,2
13854000,1
13835342,2
13825794,1
13818181,1
13806137,1
13796834,1
13777355,2
13731419,3
13717039,1
13657649,1
13642861,1
13620075,1
13539458,1
13485145,1
13385737,1
13385737,1
13369768,1
13313581,1
13313581,1
13288085,2
13267869,1
13203541,1
13203541,1
13200972,1
13154230,2
13105853,1
13102025,1
13102025,1
13041254,1
13041254,1
13030057,1
13030057,1
13027857,1
13019063,1
13019063,1
13019063,1
13008928,1
12947763,1
12947763,1
12924063,1
12923936,1
12918858,1
12881605,1
12881605,1
12874899,2
12852305,2
12793213,1
12764201,1
12764201,1
12741891,1
12741891,1
12733127,2
12693645,1
12666449,1
12666449,1
12646256,2
12629471,1
12629471,1
12626043,1
12617845,1
12597262,1
12597262,1
12594630,1
12544254,1
12531831,1
12531831,1
12507289,2
12442161,1
12413888,1
12413888,1
12413888,1
12408986,1
12376625,1
12320393,1
12313323,1
12303080,1
12303080,1
12303080,1
12282994,1
12282994,1
12252684,1
12232628,1
12232628,1
12225023,1
12218638,1
12218638,1
12214338,1
12201255,1
12150301,1
12150301,1
12137989,2
12128105,1
12128105,1
12106921,1
12083296,1
12083296,1
12051924,1
12021272,1
12008376,1
11994195,1
11988469,1
11919250,1
11919250,1
11919250,1
11832822,1
11830611,1
11829959,1
11806119,1
11798854,1
11798854,1
11792542,1
11784207,1
11784207,1
11784207,1
11749595,1
11749595,1
11749595,1
11691800,2
11683047,1
11668290,2
11665465,1
11644111,2
11642254,1
11642254,1
11642254,1
11621777,1
11621777,1
11603545,1
11585483,1
11578059,1
11578059,1
11555430,1
11540607,1
11505128,1
11502741,5
11492915,1
11486880,1
11486880,1
11438337,1
11430025,1
11373501,1
11351042,2
11348205,1
11341016,1
11293663,1
11227336,1
11227336,1
11227336,1
11203026,1
11179372,1
11179372,1
11155214,1
11130889,1
11130889,1
11104555,1
11104555,1
11103434,1
11103434,1
11098131,1
11084630,1
11081586,1
11052713,1
11052713,1
11021794,1
11021794,1
11020402,1
11020402,1
11000000,1
10994533,1
10994533,1
10994533,1
10980157,1
10980157,1
10975390,1
10975390,1
10922495,2
10921200,1
10921200,1
10920544,1
10920544,1
10920544,1
10907485,1
10904930,1
10878867,1
10873148,1
10853418,1
10853418,1
10848783,1
10848783,1
10846667,2
10819364,2
10769960,1
10739421,2
10726909,1
10725228,1
10725228,1
10702246,1
10680275,1
10680275,1
10676194,1
10676194,1
10667893,1
10656155,1
10629321,1
10626725,1
10611160,1
10606667,1
10604986,1
10522511,1
10522511,1
10493366,1
10490791,1
10479277,2
10479277,2
10464788,1
10456302,2
10452012,1
10426506,1
10426506,1
10421847,1
10414738,1
10405457,1
10405457,1
10372291,1
10369581,1
10367161,1
10319915,1
10278575,1
10275509,1
10275509,1
10234475,1
10219460,1
10219052,2
10209813,1
10173889,2
10173682,1
10173061,1
10172519,1
10172519,1
10161493,1
10161099,1
10143022,1
10116816,1
10116816,1
10106283,2
10068039,1
10058318,1
10057021,1
10057021,1
10036283,2
10031529,1
10019109,1
10017322,1
10014053,2
10013424,1
10013424,1
10012022,1
10011050,1
10005969,1
9974410,1
9918093,1
9902115,1
9900000,1
9898412,1
9891303,1
9891303,1
9890597,1
9876081,2
9868521,1
9808124,1
9802458,2
9771658,1
9760107,1
9759200,1
9747988,1
9733932,1
9733932,1
9719919,2
9699701,2
9699701,2
9639390,1
9638258,1
9638258,1
9621558,2
9617377,1
9617377,1
9593903,1
9588282,1
9566593,1
9538948,1
9532895,1
9532895,1
9518342,1
9487445,1
9448644,1
9448082,1
9439660,1
9411042,1
9411042,1
9380029,1
9368803,1
9368242,1
9336886,1
9336886,1
9333654,1
9330075,1
9330075,1
9324931,1
9307166,1
9307166,1
9304609,1
9304609,1
9275806,1
9232318,1
9205924,1
9169507,1
9169507,1
9149259,2
9129999,1
9097072,1
9074749,1
9051624,2
8906823,1
8891623,1
8883644,1
8883644,1
8883644,1
8844595,1
8809407,1
8808935,1
8808611,1
8808611,1
8773197,1
8736506,1
8701337,1
8701337,1
8701337,1
8701236,2
8693512,1
8693512,1
8678812,1
8678812,1
8669847,1
8652213,1
8622412,1
8613462,1
8526288,1
8526288,1
8508843,1
8508843,1
8461686,1
8447615,1
8446952,1
8408835,1
8402424,1
8367636,1
8362969,1
8359717,1
8352974,2
8315693,1
8315693,1
8308687,2
8292411,2
8279042,1
8251071,1
8251071,1
8247943,1
8224998,1
8159508,1
8159508,1
8159508,1
8143225,1
8138239,2
8112712,1
8103330,1
8095658,1
8089290,1
8083123,1
8038508,1
8016708,1
8003180,1
7997774,1
7994527,1
7942093,1
7938872,1
7938872,1
7878856,1
7878856,1
7871522,1
7871522,1
7825009,1
7817297,2
7808524,1
7804337,1
7785975,1
7785975,1
7777790,1
7772325,2
7766240,1
7765398,2
7749507,2
7727256,1
7683620,1
7674033,1
7660857,1
7634022,1
7609187,1
7565807,1
7563728,1
7532259,1
7500445,1
7500445,1
7454185,1
7434726,1
7434726,1
7434726,1
7400324,1
7400324,1
7353544,1
7353544,1
7353118,1
7282851,1
7282851,1
7281450,1
7266973,1
7263129,1
7253160,1
7253160,1
7228273,1
7215027,1
7215027,1
7214806,1
7196872,1
7196392,3
7177143,1
7175592,1
7159365,2
7137502,1
7137502,1
7043835,1
7043835,1
7029095,1
7029095,1
7022209,1
7019441,1
7013191,1
7013191,1
7009668,1
7009668,1
6985999,1
6985999,1
6980986,1
6980986,1
6980986,1
6972226,1
6964734,1
6939946,1
6933459,1
6933459,1
6919198,1
6918591,1
6908797,1
6892098,1
6875089,1
6875089,1
6858261,1
6856989,1
6817535,1
6808550,1
6803887,1
6803887,1
6788659,1
6788659,1
6788659,1
6763051,2
6745362,1
6739141,1
6735922,1
6735922,1
6732170,2
6724365,1
6724365,1
6724365,1
6723792,2
6715067,1
6710634,2
6698679,1
6698679,1
6698679,1
6673032,1
6673032,1
6668162,3
6659121,1
6659121,1
6659121,1
6628603,1
6628603,1
6608687,1
6596511,1
6596511,1
6582052,1
6551987,1
6537036,1
6537036,1
6491969,1
6486797,1
6482562,2
6481798,1
6481798,1
6466322,4
6451628,1
6424420,1
6424112,1
6423605,1
6423605,1
6412349,1
6412349,1
6405918,1
6374668,2
6342668,1
6340723,1
6328816,1
6312033,1
6282446,1
6272403,1
6272403,1
6269635,3
6265311,1
6216897,1
6216897,1
6202756,1
6159269,1
6159269,1
6157157,1
6157157,1
6149983,1
6149983,1
6149983,1
6135034,2
6132924,1
6132924,1
6122607,1
6122607,1
6118683,1
6112613,1
6110670,1
6047691,1
6042511,3
6033999,1
6033999,1
6031521,1
6007194,1
6007194,1
5989711,2
5987386,1
5979011,1
5969708,1
5969708,1
5923000,1
5923000,1
5914908,1
5900712,1
5899797,1
5879555,1
5860601,1
5860601,1
5859917,2
5839368,1
5808941,1
5782515,1
5782515,1
5782515,1
5756945,1
5756945,1
5754249,1
5732587,1
5728213,1
5727130,1
5718010,2
5711695,1
5696391,1
5684789,1
5682554,1
5675599,1
5672031,1
5672031,1
5659286,1
5656388,1
5644483,2
5621971,1
5610280,1
5609624,2
5596267,1
5596267,1
5588800,1
5578519,1
5541431,1
5540941,1
5520368,1
5520368,1
5516936,1
5503461,2
5493175,2
5480653,1
5457664,1
5457664,1
5430822,1
5430822,1
5378172,1
5378172,1
5323109,1
5301539,1
5301085,1
5301085,1
5288011,1
5271666,1
5269990,1
5200986,1
5200986,1
5200000,1
5200000,1
5175215,1
5164404,1
5142858,1
5142858,1
5141166,1
5141166,1
5136913,1
5107669,1
5107669,1
5093707,1
5050000,1
5048693,1
5048693,1
5042014,1
5007898,1
4978353,1
4978353,1
4978353,1
4974471,2
4973285,1
4973285,1
4956401,1
4941117,1
4935501,1
4935501,1
4932694,1
4928883,1
4925288,1
4925288,1
4924990,1
4865912,1
4858869,1
4858869,1
4858869,1
4836637,1
4825184,1
4806423,1
4806423,1
4806423,1
4775009,1
4762310,1
4760014,1
4760014,1
4736202,1
4735452,2
4714658,1
4709246,1
4709246,1
4704757,1
4681651,1
4654423,1
4633668,1
4629770,1
4629770,1
4627375,1
4619014,1
4615255,1
4609953,1
4596705,1
4594452,1
4591629,1
4569019,1
4562778,1
4555020,1
4555020,1
4552970,1
4544601,1
4531320,1
4531320,1
4529892,1
4496583,1
4432180,1
4426444,1
4426444,1
4426444,1
4408011,1
4391990,2
4385516,1
4385312,1
4376819,1
4373074,1
4372642,1
4372642,1
4372642,1
4356216,1
4356216,1
4348890,1
4348368,1
4343300,2
4321805,1
4313829,1
4300000,1
4299141,1
4245870,1
4235959,1
4228292,1
4228292,1
4224065,1
4218594,1
4218594,1
4217115,1
4217115,1
4197729,1
4195822,2
4192440,1
4192440,1
4190884,1
4190884,1
4184990,1
4172823,2
4166918,1
4165776,1
4164283,1
4164283,1
4164283,1
4161625,1
4161625,1
4159246,1
4159246,1
4159246,1
4116395,1
4110928,1
4109095,1
4101699,1
4101699,1
4098613,1
4096030,1
4078741,1
4078741,1
4078741,1
4074389,2
4058113,1
4058113,1
4049960,2
4047917,1
4035192,1
4035192,1
4005941,1
3989705,1
3983912,1
3982459,1
3974827,2
3970078,1
3947579,1
3940286,2
3930501,1
3930501,1
3916303,1
3916303,1
3910519,1
3910519,1
3910519,1
3878993,1
3878993,1
3862498,1
3862498,1
3852409,1
3826568,1
3826568,1
3819421,1
3809226,1
3809226,1
3809226,1
3797016,2
3790493,1
3790493,1
3766879,1
3766879,1
3763988,1
3755912,3
3748295,1
3741098,1
3741098,1
3734870,1
3721911,1
3718087,1
3703548,1
3697729,1
3679847,1
3679847,1
3677209,1
3677209,1
3674841,1
3669465,1
3669465,1
3669465,1
3666236,1
3666236,1
3651462,1
3646994,1
3601974,1
3598330,2
3588626,1
3579902,1
3579902,1
3574256,1
3572758,1
3572758,1
3572632,1
3569939,1
3569939,1
3566637,1
3560469,1
3548556,1
3533711,1
3533711,1
3531971,1
3500000,1
3487678,1
3485383,1
3485383,1
3485383,1
3484523,1
3473905,1
3468572,1
3447434,2
3438804,1
3428048,1
3417056,1
3414301,1
3411885,1
3399228,1
3399228,1
3395581,1
3394174,1
3388020,1
3388020,1
3369307,1
3369307,1
3361213,1
3361213,1
3360800,1
3359465,1
3347647,1
3344431,1
3338690,1
3336053,1
3334927,1
3329674,1
3324283,2
3313583,1
3283371,1
3283369,1
3283369,1
3275585,1
3269546,1
3269546,1
3255426,1
3255426,1
3242802,1
3221152,1
3221152,1
3221152,1
3200241,1
3187255,1
3175469,1
3175469,1
3172014,2
3171593,1
3171273,1
3171273,1
3117085,1
3117085,1
3109904,1
3096815,1
3096815,1
3077361,1
3077361,1
3077361,1
3052738,1
3049135,1
3049135,1
3048704,2
3033646,1
3011195,1
3011195,1
3000000,1
3000000,1
2995527,1
2995527,1
2970161,1
2960492,1
2960492,1
2940411,1
2940411,1
2913644,1
2870950,2
2861020,1
2861020,1
2856712,1
2850707,1
2850707,1
2844379,1
2844379,1
2840991,1
2840991,1
2840408,1
2840408,1
2816518,1
2804473,1
2801508,1
2801508,1
2801508,1
2793214,1
2793214,1
2783970,1
2783970,1
2752471,1
2708087,1
2707913,1
2707913,1
2707913,1
2704951,1
2689799,1
2666873,1
2666873,1
2661043,2
2649761,1
2649761,1
2649761,1
2636637,1
2636637,1
2635305,1
2624761,1
2595644,1
2595622,1
2595622,1
2595216,1
2595216,1
2584988,1
2576801,2
2561820,1
2554476,1
2554476,1
2534372,1
2510151,1
2503392,1
2494480,1
2492088,1
2491460,1
2490233,1
2459895,1
2436000,1
2420917,1
2420917,1
2420917,1
2409225,1
2405285,1
2405285,1
2405285,1
2395231,1
2375718,1
2372903,1
2372903,1
2362413,2
2360561,1
2360561,1
2347000,1
2341309,1
2341309,1
2336172,1
2336172,1
2333684,1
2313461,1
2313461,1
2308355,1
2308355,1
2295500,1
2286947,1
2284034,1
2284034,1
2284034,1
2281761,1
2275557,1
2255000,1
2246000,1
2213927,1
2191183,2
2172941,1
2172941,1
2165637,1
2165637,1
2161369,1
2161369,1
2158775,1
2158775,1
2155385,1
2144667,1
2138742,1
2133033,1
2133033,1
2123135,1
2123135,1
2123135,1
2119994,1
2119994,1
2105078,1
2105078,1
2105078,1
2087471,1
2082980,1
2082980,1
2079569,1
2062405,1
2053648,1
2042203,1
2038916,1
2036044,1
2036044,1
2034470,1
2023808,1
2023808,1
2022771,1
2019121,1
2007100,1
2007100,1
2005840,1
2004742,1
2004742,1
2000620,1
1984315,1
1963756,1
1961544,1
1955933,1
1951683,1
1951683,1
1951683,1
1944150,1
1944150,1
1938783,1
1919653,1
1919653,1
1915792,1
1897404,1
1891936,1
1882074,1
1881975,1
1881975,1
1877618,1
1874460,1
1874460,1
1869148,1
1863506,1
1843537,1
1843537,1
1843537,1
1832541,1
1829804,1
1824678,1
1824678,1
1819912,1
1808004,1
1797256,1
1794086,1
1794001,1
1790061,1
1781694,1
1781694,1
1781465,1
1775133,1
1775133,1
1753979,1
1752634,1
1740156,1
1723319,1
1710972,1
1708873,1
1705139,1
1702394,1
1702394,1
1700000,1
1700000,1
1687000,1
1680358,1
1677131,1
1675706,1
1645711,1
1641825,1
1641825,1
1640220,1
1640080,2
1627955,1
1603237,1
1603237,1
1599804,1
1599804,1
1576615,1
1567905,1
1567905,1
1561698,1
1558836,1
1558836,1
1558836,1
1553337,1
1553337,1
1553337,1
1530839,1
1519796,1
1519796,1
1519366,1
1504286,1
1500000,1
1492438,2
1474628,1
1474471,1
1448076,1
1420418,1
1408491,1
1406538,1
1404646,1
1402962,1
1393501,1
1373196,1
1372350,1
1372350,1
1368000,1
1362536,1
1362536,1
1355728,1
1355728,1
1355728,1
1350248,1
1345015,1
1327841,1
1327841,1
1319592,1
1310470,1
1310470,1
1305887,1
1305887,1
1305887,1
1301121,1
1301121,1
1296184,1
1296184,1
1281813,1
1281813,1
1271244,1
1267578,1
1267239,1
1267239,1
1261000,1
1250798,1
1250798,1
1248746,1
1248746,1
1247949,1
1247949,1
1246141,1
1239183,1
1230933,1
1230933,1
1230933,1
1227324,1
1205257,1
1205257,1
1194961,1
1193062,1
1193062,1
1189315,1
1188194,1
1188194,1
1182273,1
1182273,1
1171762,1
1163969,1
1162001,1
1162001,1
1161843,1
1161843,1
1145404,1
1141556,1
1141556,1
1138609,1
1132112,1
1127463,1
1127463,1
1127463,1
1125910,1
1111790,1
1111790,1
1106475,1
1105020,1
1100788,1
1100788,1
1094668,1
1083799,1
1082784,1
1080470,1
1079822,1
1079822,1
1073198,1
1071255,1
1066555,1
1066555,1
1066555,1
1065907,1
1065907,1
1059966,1
1055987,1
1051907,1
1051907,1
1040386,1
1040386,1
1036818,1
1034448,1
1034448,1
1034448,1
1012358,2
1001437,1
1001437,1
1000000,1
1000000,1
994790,1
961203,1
953953,1
923418,1
910773,1
904399,1
904399,1
894410,1
894410,1
892802,1
892802,1
890502,1
890502,1
887851,1
887172,1
885836,1
883887,1
882290,1
882290,1
873314,2
869352,1
869352,1
869325,1
865028,1
855009,1
854994,1
852206,1
850419,1
850419,1
846704,1
843945,1
843945,1
840958,1
829625,1
828874,1
826617,1
815645,1
814666,1
814666,1
814666,1
808114,1
808114,1
802948,1
801728,1
800000,1
792966,1
787280,1
787280,1
785528,1
785528,1
785528,1
779137,1
774780,1
774780,1
772000,1
766464,1
766464,1
763740,1
763740,1
763578,1
763578,1
757088,1
754301,1
754301,1
750212,1
743445,1
737548,1
732655,1
732655,1
727639,1
725131,1
724885,1
724885,1
724885,1
713239,1
713239,1
709832,1
698249,1
694782,1
694782,1
690966,1
685780,1
685780,1
669276,1
660763,1
660763,1
659483,1
657446,1
657446,1
655968,1
638641,1
632617,1
632617,1
623983,1
623983,1
621592,1
621392,1
621392,1
621392,1
596933,1
595018,1
589244,1
589244,1
588621,1
579986,1
566897,1
565727,1
563711,1
562187,1
562187,1
550782,1
550782,1
550782,1
549495,1
549495,1
549495,1
542420,1
542420,1
541636,1
534816,1
534816,1
517262,1
517262,1
517262,1
515065,1
510957,1
502313,1
400881,1
320610,1
129000,1
128471,1
128471,1
123276,1
123276,1
119664,1
119664,1
119664,1
114156,1
114156,1
103739,1
51357,1
51357,1
51124,3
42805,1
41131,1
34050,1
22482,1
21619,1
19773,1
18698,1
18523,1
18177,1
17023,1
17023,1
9588,1
8869,1
8538,1
8286,1
8286,1
8190,1
6292,1
6292,1
6292,1
6014,1
4550,1
4550,1
4534,1
2735,1
746,1
